{
    "model_type": "xgboost",
    "metrics": {
        "accuracy": 0.8292682926829268,
        "precision": 0.8404255319148937,
        "recall": 0.9294117647058824,
        "f1_score": 0.88268156424581,
        "roc_auc": 0.8210526315789475
    },
    "timestamp": "2025-10-30T22:20:17.797401"
}