{
    "accuracy": 0.7886178861788617,
    "precision": 0.8390804597701149,
    "recall": 0.8588235294117647,
    "f1_score": 0.8488372093023255,
    "roc_auc": 0.8145510835913313
}